@QLASH Olympus (#8GQ2G028),564862980131520543,565164731824996393
@QLASH Chronos (#8GLJ20QQ),564864152749867015,487170682166444032
@QLASH Zeus (#8GR8QLLV),564864159745835029,564917616959815694
@QLASH Hades (#8R9PV8O2),564864163642474526,518537850569097226
@QLASH Demeter (#8RQRGPPR),564864167300038668,539528426017652737
@QLASH Aphrodite (#2CJLJUPV),564864174069645323,564870722619441172
@QLASH Hermes (#8CQ29UV8),564864180323352576,564870783554289674
@QLASH Ares (#98VQUC8R),564864176753999872,564870896683057163
@QLASH Apollo (#8URR8RPV),571333691062747146,571335012755177482
@QLASH Eros (#89QP2LJL),564866321926324234,564870944493928457
@QLASH Athena (#RYRLPV98),630738835172753408,630754752967475201
@QLASH Warped, 694974302134599752,694973927826391091
@QLASH Bandicoot,689854619463319572,689855816463024199
@QLASH Egypt 1  (#RO2VOLY),662959345650368523,662961364134002698
@QLASH Egypt 2 (#GV9R8G2),662960298403037205,662961364134002698
@QLASH Egypt 3 (#22L8QJ9Q),662960336487448587,662961364134002698 
@QLASH Egypt 4 (#2VYGVJLV),662960276525547525,662961364134002698
@QLASH Egypt 5 (#CG82RYQ9),662960416204390412,662961364134002698
@QLASH Malta (#9CUURQ2),524919443055181824,662970432869367809
@QLASH Croatia 1  (#G2P8L9J0),662977875498106920,662979868811722762
@QLASH Croatia 2 (#R09VQ9VQ),662977879356997665,662979868811722762
@QLASH Bosnia (#22092GJQL),701536025801130035,701678062823145552
@QLASH AZE (#20YJLCGCP),709031880904671292,709038478595194960
@QLASH Persia (#20YLQ22JJ),710469970907234385,710474305049329664
@QLASH JC (#80GRQ980),642349286528647181,663011416902598658
@QLASH SPAIN (#2LLCYCOV),642349542632849424,663020280473714718
@QLASH STARS (#V2R22VUY),691215663393407008,691217148097593354
@QLASH ANDROMEDA (#V8UGQ9UG),695024207704358963,695024903501512717
@QLASH Storm  (#V92L8CU2),694110142894964817,695760884126974003
@QLASH Storm II (#VYGC2UUL),718199974847840356,695760884126974003
@QLASH Storm III (#VJ8VRQCJ),718202370676490381,695760884126974003
@QLASH Storm ARG (#VGR08YLV),695763232505462868,695763723264196760
@QLASH Storm VEN (#20RQC9J8Y),697581916521758771,697582636285296820
@QLASH Storm CR (#20RR228JP),697848736965066873,697849718377807914
@QLASH Storm CL (#208CGR9CQ),703320633211355298,703320965689376850
@QLASH Storm CL2 (#20LU82JRR),709687909636243537,703320965689376850
@QLASH Storm COL (#22CC2G8C),712254575968780368,712722970275086496
@QLASH Storm CO2 (#229VLLQLG),719315091014549515,712722970275086496
@QLASH Storm GT (#20UVUG2Q8),713111952209215560,713114371198288002
@QLASH Storm GT2 (#20GLLJG2Y),715327835413151784,713114371198288002
@QLASH Storm PE (#20VR99VC2),713688635001667634,713688862966415401
@QLASH Storm MX (#20V9J9U9Y),715992634245644399,715993099507335228
@QLASH Poland  (#JG8RCL9R),696103204630298778,696122242395930677
@QLASH Poland 2 (#JGG2RRJC),696102831391768698,696122242395930677
@QLASH Poland 3  (#JR9CC9PQ),696103564350717963,696122242395930677
@QLASH Estonia (#202QJYGYJ),702601658302988428,702602940367634523 
@QLASH Suisse (#UUU8VG8),709041253748178945,709042011562311771
@QLASH Germany (#20CJR2RLG),711958166379692132,711958874042794035
@QLASH Girl (#C8PCRJUJ),614499809138704401,719603067179237447